YEAR_MO_DY,set_latih
2010-01-01,5.72
2010-01-02,6.82
2010-01-03,6.62
2010-01-04,6.23
2010-01-05,5.75
2010-01-06,5.73
2010-01-07,2.07
2010-01-08,4.34
2010-01-09,2.88
2010-01-10,5.99
2010-01-11,4.81
2010-01-12,6.2
2010-01-13,4.16
2010-01-14,6.24
2010-01-15,4.32
2010-01-16,4.73
2010-01-17,5.35
2010-01-18,5.98
2010-01-19,5.41
2010-01-20,6.77
2010-01-21,5.4
2010-01-22,4.78
2010-01-23,6.25
2010-01-24,5.72
2010-01-25,4.63
2010-01-26,5.88
2010-01-27,5.47
2010-01-28,5.37
2010-01-29,5.81
2010-01-30,6.51
2010-01-31,3.8199999999999994
2010-02-01,5.28
2010-02-02,6.06
2010-02-03,5.33
2010-02-04,5.14
2010-02-05,5.28
2010-02-06,3.58
2010-02-07,5.8
2010-02-08,4.42
2010-02-09,6.32
2010-02-10,6.12
2010-02-11,6.52
2010-02-12,5.81
2010-02-13,5.57
2010-02-14,5.34
2010-02-15,5.7
2010-02-16,6.12
2010-02-17,5.98
2010-02-18,5.93
2010-02-19,4.22
2010-02-20,5.93
2010-02-21,6.69
2010-02-22,6.53
2010-02-23,5.76
2010-02-24,5.09
2010-02-25,5.24
2010-02-26,6.7
2010-02-27,6.66
2010-02-28,5.87
2010-03-01,6.02
2010-03-02,5.79
2010-03-03,6.55
2010-03-04,5.18
2010-03-05,5.01
2010-03-06,5.31
2010-03-07,4.97
2010-03-08,5.88
2010-03-09,6.27
2010-03-10,6.46
2010-03-11,6.33
2010-03-12,4.79
2010-03-13,6.34
2010-03-14,6.49
2010-03-15,6.49
2010-03-16,6.09
2010-03-17,6.05
2010-03-18,5.66
2010-03-19,6.76
2010-03-20,6.39
2010-03-21,6.26
2010-03-22,5.96
2010-03-23,6.45
2010-03-24,6.38
2010-03-25,6.45
2010-03-26,5.5
2010-03-27,5.83
2010-03-28,5.44
2010-03-29,4.69
2010-03-30,4.9
2010-03-31,3.29
2010-04-01,5.51
2010-04-02,5.91
2010-04-03,5.29
2010-04-04,6.14
2010-04-05,5.52
2010-04-06,4.58
2010-04-07,4.47
2010-04-08,5.2
2010-04-09,4.34
2010-04-10,5.19
2010-04-11,4.77
2010-04-12,5.29
2010-04-13,4.37
2010-04-14,4.03
2010-04-15,4.91
2010-04-16,5.24
2010-04-17,4.84
2010-04-18,5.21
2010-04-19,4.46
2010-04-20,2.72
2010-04-21,2.24
2010-04-22,5.46
2010-04-23,5.01
2010-04-24,4.66
2010-04-25,5.34
2010-04-26,4.58
2010-04-27,3.61
2010-04-28,5.47
2010-04-29,5.62
2010-04-30,5.78
2010-05-01,5.86
2010-05-02,4.77
2010-05-03,1.25
2010-05-04,4.42
2010-05-05,5.03
2010-05-06,5.13
2010-05-07,4.43
2010-05-08,3.8599999999999994
2010-05-09,3.16
2010-05-10,4.32
2010-05-11,3.9200000000000004
2010-05-12,4.36
2010-05-13,3.78
2010-05-14,4.35
2010-05-15,3.61
2010-05-16,4.67
2010-05-17,3.7699999999999996
2010-05-18,5.31
2010-05-19,5.16
2010-05-20,5.27
2010-05-21,5.33
2010-05-22,4.48
2010-05-23,4.73
2010-05-24,3.2
2010-05-25,4.94
2010-05-26,4.57
2010-05-27,3.63
2010-05-28,3.28
2010-05-29,4.64
2010-05-30,4.59
2010-05-31,3.93
2010-06-01,4.59
2010-06-02,4.26
2010-06-03,4.09
2010-06-04,4.69
2010-06-05,4.83
2010-06-06,4.87
2010-06-07,4.53
2010-06-08,3.39
2010-06-09,3.36
2010-06-10,4.38
2010-06-11,4.9
2010-06-12,4.5
2010-06-13,4.79
2010-06-14,4.25
2010-06-15,4.74
2010-06-16,4.83
2010-06-17,4.32
2010-06-18,4.36
2010-06-19,4.11
2010-06-20,4.99
2010-06-21,5.33
2010-06-22,4.68
2010-06-23,4.43
2010-06-24,4.01
2010-06-25,2.92
2010-06-26,4.36
2010-06-27,4.36
2010-06-28,4.66
2010-06-29,5.01
2010-06-30,4.74
2010-07-01,5.08
2010-07-02,4.53
2010-07-03,4.95
2010-07-04,4.36
2010-07-05,4.9
2010-07-06,4.41
2010-07-07,4.95
2010-07-08,4.8
2010-07-09,4.43
2010-07-10,4.66
2010-07-11,4.22
2010-07-12,4.76
2010-07-13,4.78
2010-07-14,3.87
2010-07-15,4.96
2010-07-16,4.47
2010-07-17,3.97
2010-07-18,4.91
2010-07-19,5.23
2010-07-20,5.17
2010-07-21,5.2
2010-07-22,5.31
2010-07-23,4.86
2010-07-24,4.52
2010-07-25,3.32
2010-07-26,2.79
2010-07-27,4.64
2010-07-28,5.2
2010-07-29,5.35
2010-07-30,5.4
2010-07-31,4.74
2010-08-01,5.51
2010-08-02,4.99
2010-08-03,5.24
2010-08-04,4.56
2010-08-05,5.34
2010-08-06,5.05
2010-08-07,5.22
2010-08-08,5.63
2010-08-09,4.93
2010-08-10,5.59
2010-08-11,4.96
2010-08-12,4.34
2010-08-13,5.66
2010-08-14,4.86
2010-08-15,5.13
2010-08-16,5.52
2010-08-17,5.94
2010-08-18,5.83
2010-08-19,5.39
2010-08-20,5.08
2010-08-21,5.03
2010-08-22,5.12
2010-08-23,5.13
2010-08-24,5.64
2010-08-25,5.26
2010-08-26,5.89
2010-08-27,6.16
2010-08-28,6.24
2010-08-29,5.75
2010-08-30,5.69
2010-08-31,6.31
2010-09-01,6.24
2010-09-02,6.03
2010-09-03,6.42
2010-09-04,5.1
2010-09-05,4.6
2010-09-06,4.99
2010-09-07,5.13
2010-09-08,5.28
2010-09-09,3.25
2010-09-10,5.74
2010-09-11,6.29
2010-09-12,4.19
2010-09-13,5.9
2010-09-14,6.22
2010-09-15,6.27
2010-09-16,4.66
2010-09-17,5.3
2010-09-18,6.26
2010-09-19,4.81
2010-09-20,3.6999999999999997
2010-09-21,5.44
2010-09-22,4.57
2010-09-23,4.6
2010-09-24,3.43
2010-09-25,4.8
2010-09-26,6.44
2010-09-27,6.72
2010-09-28,6.73
2010-09-29,6.76
2010-09-30,6.49
2010-10-01,4.85
2010-10-02,5.41
2010-10-03,6.49
2010-10-04,6.01
2010-10-05,6.16
2010-10-06,6.05
2010-10-07,4.1
2010-10-08,2.41
2010-10-09,5.11
2010-10-10,5.85
2010-10-11,5.73
2010-10-12,6.29
2010-10-13,7.290000000000001
2010-10-14,6.11
2010-10-15,5.14
2010-10-16,5.14
2010-10-17,5.36
2010-10-18,6.79
2010-10-19,6.55
2010-10-20,6.12
2010-10-21,4.61
2010-10-22,3.99
2010-10-23,4.19
2010-10-24,5.33
2010-10-25,6.28
2010-10-26,4.52
2010-10-27,4.62
2010-10-28,6.02
2010-10-29,6.48
2010-10-30,6.39
2010-10-31,3.7299999999999995
2010-11-01,3.28
2010-11-02,5.37
2010-11-03,6.15
2010-11-04,3.49
2010-11-05,4.12
2010-11-06,5.06
2010-11-07,4.96
2010-11-08,5.16
2010-11-09,5.53
2010-11-10,6.83
2010-11-11,7.23
2010-11-12,7.0
2010-11-13,7.19
2010-11-14,6.09
2010-11-15,6.09
2010-11-16,5.98
2010-11-17,6.86
2010-11-18,7.209999999999999
2010-11-19,7.38
2010-11-20,6.51
2010-11-21,6.21
2010-11-22,4.88
2010-11-23,6.12
2010-11-24,4.53
2010-11-25,5.43
2010-11-26,4.93
2010-11-27,6.14
2010-11-28,6.13
2010-11-29,5.96
2010-11-30,5.54
2010-12-01,5.49
2010-12-02,5.34
2010-12-03,4.66
2010-12-04,6.24
2010-12-05,5.01
2010-12-06,4.32
2010-12-07,5.56
2010-12-08,5.17
2010-12-09,2.68
2010-12-10,3.46
2010-12-11,3.6799999999999997
2010-12-12,4.5
2010-12-13,4.89
2010-12-14,2.33
2010-12-15,6.12
2010-12-16,5.94
2010-12-17,3.64
2010-12-18,4.93
2010-12-19,2.98
2010-12-20,3.26
2010-12-21,1.7099999999999997
2010-12-22,4.91
2010-12-23,5.86
2010-12-24,6.18
2010-12-25,3.54
2010-12-26,5.68
2010-12-27,4.1
2010-12-28,2.99
2010-12-29,3.44
2010-12-30,4.3
2010-12-31,4.76
2011-01-01,2.29
2011-01-02,4.11
2011-01-03,4.51
2011-01-04,4.79
2011-01-05,5.09
2011-01-06,4.58
2011-01-07,3.65
2011-01-08,4.48
2011-01-09,5.27
2011-01-10,5.99
2011-01-11,4.86
2011-01-12,4.84
2011-01-13,4.78
2011-01-14,5.25
2011-01-15,4.72
2011-01-16,5.94
2011-01-17,7.0
2011-01-18,5.75
2011-01-19,3.8100000000000005
2011-01-20,3.9200000000000004
2011-01-21,4.64
2011-01-22,5.26
2011-01-23,5.38
2011-01-24,2.62
2011-01-25,3.8199999999999994
2011-01-26,5.64
2011-01-27,5.56
2011-01-28,5.87
2011-01-29,6.26
2011-01-30,6.07
2011-01-31,4.01
2011-02-01,3.71
2011-02-02,5.53
2011-02-03,5.2
2011-02-04,4.73
2011-02-05,3.5
2011-02-06,5.06
2011-02-07,5.19
2011-02-08,3.32
2011-02-09,4.38
2011-02-10,5.41
2011-02-11,5.86
2011-02-12,5.37
2011-02-13,6.4
2011-02-14,5.62
2011-02-15,4.56
2011-02-16,6.14
2011-02-17,6.55
2011-02-18,6.18
2011-02-19,6.81
2011-02-20,6.0
2011-02-21,5.81
2011-02-22,3.63
2011-02-23,4.35
2011-02-24,4.92
2011-02-25,4.1
2011-02-26,3.62
2011-02-27,5.66
2011-02-28,5.77
2011-03-01,4.9
2011-03-02,5.22
2011-03-03,5.08
2011-03-04,3.8300000000000005
2011-03-05,4.33
2011-03-06,5.22
2011-03-07,5.01
2011-03-08,5.03
2011-03-09,5.11
2011-03-10,5.17
2011-03-11,4.76
2011-03-12,3.63
2011-03-13,4.65
2011-03-14,4.01
2011-03-15,5.98
2011-03-16,5.37
2011-03-17,5.88
2011-03-18,5.93
2011-03-19,5.6
2011-03-20,6.15
2011-03-21,5.8
2011-03-22,4.59
2011-03-23,5.73
2011-03-24,5.0
2011-03-25,6.05
2011-03-26,5.95
2011-03-27,4.14
2011-03-28,5.12
2011-03-29,5.93
2011-03-30,5.66
2011-03-31,4.01
2011-04-01,5.41
2011-04-02,4.64
2011-04-03,3.57
2011-04-04,4.87
2011-04-05,3.7299999999999995
2011-04-06,5.05
2011-04-07,3.22
2011-04-08,1.68
2011-04-09,4.76
2011-04-10,3.8100000000000005
2011-04-11,4.14
2011-04-12,5.25
2011-04-13,4.79
2011-04-14,4.49
2011-04-15,5.29
2011-04-16,4.78
2011-04-17,6.02
2011-04-18,5.94
2011-04-19,5.82
2011-04-20,5.85
2011-04-21,5.08
2011-04-22,4.06
2011-04-23,5.34
2011-04-24,5.74
2011-04-25,4.25
2011-04-26,5.23
2011-04-27,5.37
2011-04-28,4.87
2011-04-29,5.04
2011-04-30,5.32
2011-05-01,4.16
2011-05-02,3.61
2011-05-03,5.22
2011-05-04,5.56
2011-05-05,3.67
2011-05-06,4.5
2011-05-07,4.03
2011-05-08,3.62
2011-05-09,5.53
2011-05-10,5.54
2011-05-11,5.49
2011-05-12,5.39
2011-05-13,4.39
2011-05-14,4.99
2011-05-15,4.32
2011-05-16,4.85
2011-05-17,5.37
2011-05-18,4.88
2011-05-19,5.11
2011-05-20,4.78
2011-05-21,4.82
2011-05-22,5.09
2011-05-23,5.29
2011-05-24,4.76
2011-05-25,5.16
2011-05-26,5.07
2011-05-27,5.11
2011-05-28,5.19
2011-05-29,5.04
2011-05-30,3.7900000000000005
2011-05-31,2.78
2011-06-01,4.62
2011-06-02,5.01
2011-06-03,5.02
2011-06-04,5.04
2011-06-05,4.79
2011-06-06,5.29
2011-06-07,5.32
2011-06-08,5.47
2011-06-09,5.32
2011-06-10,5.57
2011-06-11,4.74
2011-06-12,5.16
2011-06-13,5.24
2011-06-14,5.17
2011-06-15,5.41
2011-06-16,5.21
2011-06-17,4.82
2011-06-18,4.4
2011-06-19,4.08
2011-06-20,4.53
2011-06-21,4.8
2011-06-22,4.66
2011-06-23,5.09
2011-06-24,5.23
2011-06-25,4.94
2011-06-26,3.5500000000000003
2011-06-27,3.04
2011-06-28,4.57
2011-06-29,4.38
2011-06-30,5.22
2011-07-01,5.24
2011-07-02,5.51
2011-07-03,5.61
2011-07-04,5.33
2011-07-05,5.3
2011-07-06,5.41
2011-07-07,5.13
2011-07-08,5.04
2011-07-09,4.96
2011-07-10,4.71
2011-07-11,4.85
2011-07-12,5.41
2011-07-13,4.98
2011-07-14,4.86
2011-07-15,4.94
2011-07-16,4.93
2011-07-17,4.4
2011-07-18,4.62
2011-07-19,5.05
2011-07-20,5.09
2011-07-21,5.58
2011-07-22,5.29
2011-07-23,5.71
2011-07-24,5.88
2011-07-25,5.38
2011-07-26,3.78
2011-07-27,3.8
2011-07-28,5.29
2011-07-29,5.28
2011-07-30,5.36
2011-07-31,4.8
2011-08-01,5.16
2011-08-02,4.95
2011-08-03,5.32
2011-08-04,5.64
2011-08-05,5.42
2011-08-06,5.4
2011-08-07,5.54
2011-08-08,4.83
2011-08-09,5.47
2011-08-10,5.5
2011-08-11,5.49
2011-08-12,5.39
2011-08-13,5.91
2011-08-14,5.69
2011-08-15,5.77
2011-08-16,3.18
2011-08-17,6.06
2011-08-18,5.79
2011-08-19,6.03
2011-08-20,5.83
2011-08-21,5.84
2011-08-22,5.79
2011-08-23,5.33
2011-08-24,6.06
2011-08-25,5.95
2011-08-26,5.76
2011-08-27,5.53
2011-08-28,5.05
2011-08-29,6.21
2011-08-30,6.13
2011-08-31,5.75
2011-09-01,6.22
2011-09-02,6.31
2011-09-03,5.72
2011-09-04,5.7
2011-09-05,5.05
2011-09-06,6.43
2011-09-07,6.59
2011-09-08,6.22
2011-09-09,6.06
2011-09-10,6.24
2011-09-11,6.11
2011-09-12,5.56
2011-09-13,5.4
2011-09-14,5.7
2011-09-15,6.27
2011-09-16,6.14
2011-09-17,5.66
2011-09-18,6.13
2011-09-19,6.59
2011-09-20,6.35
2011-09-21,6.58
2011-09-22,6.97
2011-09-23,6.83
2011-09-24,6.33
2011-09-25,6.4
2011-09-26,6.79
2011-09-27,6.09
2011-09-28,5.88
2011-09-29,6.36
2011-09-30,6.76
2011-10-01,6.29
2011-10-02,6.08
2011-10-03,6.33
2011-10-04,5.1
2011-10-05,6.44
2011-10-06,6.08
2011-10-07,6.82
2011-10-08,4.62
2011-10-09,6.49
2011-10-10,5.2
2011-10-11,7.09
2011-10-12,6.37
2011-10-13,7.09
2011-10-14,6.55
2011-10-15,6.74
2011-10-16,6.57
2011-10-17,6.94
2011-10-18,6.9
2011-10-19,5.98
2011-10-20,6.14
2011-10-21,6.97
2011-10-22,6.45
2011-10-23,6.58
2011-10-24,6.45
2011-10-25,6.53
2011-10-26,5.44
2011-10-27,6.08
2011-10-28,6.39
2011-10-29,5.94
2011-10-30,5.4
2011-10-31,6.53
2011-11-02,6.14
2011-11-03,6.11
2011-11-04,5.59
2011-11-05,4.42
2011-11-06,4.31
2011-11-07,2.91
2011-11-08,5.96
2011-11-09,2.66
2011-11-10,4.96
2011-11-11,5.68
2011-11-12,6.72
2011-11-13,6.39
2011-11-14,6.37
2011-11-15,6.49
2011-11-16,6.78
2011-11-17,6.79
2011-11-18,4.63
2011-11-19,6.08
2011-11-20,6.7
2011-11-21,4.23
2011-11-22,5.23
2011-11-23,5.11
2011-11-24,7.1000000000000005
2011-11-25,7.41
2011-11-26,6.94
2011-11-27,5.86
2011-11-28,4.06
2011-11-29,5.99
2011-11-30,5.98
2011-12-01,6.21
2011-12-02,5.91
2011-12-03,6.44
2011-12-04,5.43
2011-12-05,5.82
2011-12-06,4.02
2011-12-07,5.9
2011-12-08,5.26
2011-12-09,6.41
2011-12-10,4.79
2011-12-11,5.38
2011-12-12,5.62
2011-12-13,5.55
2011-12-14,5.18
2011-12-15,3.8
2011-12-16,5.7
2011-12-17,2.71
2011-12-18,4.42
2011-12-19,2.12
2011-12-20,4.52
2011-12-21,5.87
2011-12-22,5.74
2011-12-23,1.4
2011-12-24,6.18
2011-12-25,5.48
2011-12-26,5.21
2011-12-27,4.59
2011-12-28,3.18
2011-12-29,5.26
2011-12-30,3.96
2011-12-31,4.91
2012-01-01,3.03
2012-01-02,6.4
2012-01-03,3.6
2012-01-04,5.01
2012-01-05,5.88
2012-01-06,4.34
2012-01-07,4.51
2012-01-08,2.19
2012-01-09,2.48
2012-01-10,5.21
2012-01-11,3.28
2012-01-12,2.96
2012-01-13,4.66
2012-01-14,3.5099999999999993
2012-01-15,3.29
2012-01-16,5.65
2012-01-17,6.63
2012-01-18,3.65
2012-01-19,4.96
2012-01-20,5.92
2012-01-21,2.2
2012-01-22,4.21
2012-01-23,4.17
2012-01-24,3.37
2012-01-25,4.85
2012-01-26,6.28
2012-01-27,6.3
2012-01-28,6.0
2012-01-29,4.59
2012-01-30,3.13
2012-01-31,5.51
2012-02-01,3.38
2012-02-02,3.76
2012-02-03,4.24
2012-02-04,3.29
2012-02-05,6.83
2012-02-06,5.95
2012-02-07,5.96
2012-02-08,5.99
2012-02-09,6.25
2012-02-10,4.61
2012-02-11,6.21
2012-02-12,6.04
2012-02-13,7.029999999999999
2012-02-14,7.070000000000001
2012-02-15,5.9
2012-02-16,5.39
2012-02-17,6.27
2012-02-18,3.6799999999999997
2012-02-19,4.79
2012-02-20,3.6999999999999997
2012-02-21,5.98
2012-02-22,5.88
2012-02-23,6.62
2012-02-24,6.58
2012-02-25,6.22
2012-02-26,6.49
2012-02-27,6.15
2012-02-29,4.69
2012-03-01,5.03
2012-03-02,4.41
2012-03-03,3.19
2012-03-04,3.6999999999999997
2012-03-05,3.37
2012-03-06,5.47
2012-03-07,4.52
2012-03-08,3.5
2012-03-09,4.03
2012-03-10,3.93
2012-03-11,3.5300000000000002
2012-03-12,5.7
2012-03-13,5.1
2012-03-14,4.48
2012-03-15,6.19
2012-03-16,3.4
2012-03-17,4.07
2012-03-18,5.33
2012-03-19,3.7400000000000007
2012-03-20,2.03
2012-03-21,4.01
2012-03-22,5.74
2012-03-23,5.59
2012-03-24,4.9
2012-03-25,5.94
2012-03-26,6.18
2012-03-27,6.6
2012-03-28,5.94
2012-03-29,6.31
2012-03-30,5.81
2012-03-31,6.25
2012-04-01,5.23
2012-04-02,5.41
2012-04-03,5.41
2012-04-04,5.42
2012-04-05,5.73
2012-04-06,5.88
2012-04-07,6.36
2012-04-08,6.29
2012-04-09,6.62
2012-04-10,6.29
2012-04-11,5.59
2012-04-12,6.08
2012-04-13,5.09
2012-04-14,6.02
2012-04-15,5.85
2012-04-16,5.64
2012-04-17,6.1
2012-04-18,5.95
2012-04-19,5.86
2012-04-20,5.94
2012-04-21,5.86
2012-04-22,5.29
2012-04-23,5.03
2012-04-24,5.82
2012-04-25,5.63
2012-04-26,6.03
2012-04-27,5.93
2012-04-28,5.46
2012-04-29,4.84
2012-04-30,5.01
2012-05-01,5.8
2012-05-02,5.99
2012-05-03,5.78
2012-05-04,4.91
2012-05-05,5.23
2012-05-06,4.41
2012-05-07,5.5
2012-05-08,4.91
2012-05-09,5.22
2012-05-10,4.69
2012-05-12,2.87
2012-05-13,2.39
2012-05-14,1.3899999999999997
2012-05-15,5.08
2012-05-16,5.31
2012-05-17,5.11
2012-05-18,4.86
2012-05-19,5.01
2012-05-20,5.62
2012-05-21,5.5
2012-05-22,4.76
2012-05-23,5.25
2012-05-24,5.35
2012-05-25,5.46
2012-05-26,5.09
2012-05-27,4.87
2012-05-28,4.78
2012-05-29,4.44
2012-05-30,4.28
2012-05-31,4.52
2012-06-01,5.11
2012-06-02,4.87
2012-06-03,5.06
2012-06-04,5.47
2012-06-05,5.3
2012-06-06,5.07
2012-06-07,4.38
2012-06-08,5.06
2012-06-09,4.92
2012-06-10,4.61
2012-06-11,4.01
2012-06-12,4.64
2012-06-13,5.54
2012-06-14,5.06
2012-06-15,5.44
2012-06-16,5.14
2012-06-17,5.08
2012-06-18,5.1
2012-06-19,4.96
2012-06-20,3.22
2012-06-21,3.8199999999999994
2012-06-22,5.17
2012-06-23,5.34
2012-06-24,5.43
2012-06-25,4.83
2012-06-26,5.07
2012-06-27,4.37
2012-06-28,4.22
2012-06-29,5.12
2012-06-30,5.26
2012-07-01,5.15
2012-07-02,4.94
2012-07-03,4.98
2012-07-04,5.09
2012-07-05,5.32
2012-07-06,3.12
2012-07-07,4.25
2012-07-08,4.15
2012-07-09,5.13
2012-07-10,4.81
2012-07-11,4.8
2012-07-12,4.62
2012-07-13,4.46
2012-07-14,3.94
2012-07-15,4.72
2012-07-16,5.4
2012-07-17,4.89
2012-07-18,2.48
2012-07-19,3.7200000000000006
2012-07-20,3.87
2012-07-21,5.64
2012-07-22,5.34
2012-07-23,5.4
2012-07-24,5.24
2012-07-25,5.26
2012-07-26,5.79
2012-07-27,5.41
2012-07-28,5.0
2012-07-29,4.97
2012-07-30,4.03
2012-07-31,5.28
2012-08-01,5.13
2012-08-02,4.44
2012-08-03,4.27
2012-08-04,5.53
2012-08-05,5.47
2012-08-06,5.53
2012-08-07,5.51
2012-08-08,5.51
2012-08-09,5.45
2012-08-10,4.95
2012-08-11,5.36
2012-08-12,5.53
2012-08-13,5.49
2012-08-14,5.24
2012-08-15,5.28
2012-08-16,5.53
2012-08-17,5.22
2012-08-18,5.75
2012-08-19,6.19
2012-08-20,6.33
2012-08-21,5.71
2012-08-22,6.02
2012-08-23,5.76
2012-08-24,5.91
2012-08-25,5.19
2012-08-26,4.09
2012-08-27,5.2
2012-08-28,5.46
2012-08-29,5.66
2012-08-30,6.18
2012-08-31,6.63
2012-09-01,6.78
2012-09-02,6.48
2012-09-03,6.29
2012-09-04,5.96
2012-09-05,6.29
2012-09-06,6.23
2012-09-07,6.13
2012-09-08,5.97
2012-09-09,6.31
2012-09-10,6.43
2012-09-11,6.66
2012-09-12,6.53
2012-09-13,6.33
2012-09-14,6.04
2012-09-15,6.93
2012-09-16,6.83
2012-09-17,6.37
2012-09-18,6.39
2012-09-19,6.08
2012-09-20,6.64
2012-09-22,6.58
2012-09-23,6.84
2012-09-24,6.87
2012-09-25,6.58
2012-09-26,6.31
2012-09-27,6.15
2012-09-28,6.08
2012-09-29,6.48
2012-09-30,6.73
2012-10-01,6.76
2012-10-02,6.55
2012-10-03,6.7
2012-10-04,6.7
2012-10-05,6.32
2012-10-06,5.89
2012-10-07,6.49
2012-10-08,5.98
2012-10-09,7.2
2012-10-10,7.169999999999999
2012-10-11,7.0600000000000005
2012-10-12,5.76
2012-10-13,6.94
2012-10-14,6.69
2012-10-15,6.48
2012-10-16,6.52
2012-10-17,6.27
2012-10-18,6.44
2012-10-19,6.5
2012-10-20,6.39
2012-10-21,6.89
2012-10-22,7.330000000000001
2012-10-23,7.37
2012-10-24,7.24
2012-10-25,7.029999999999999
2012-10-26,6.89
2012-10-27,6.82
2012-10-28,6.47
2012-10-29,5.77
2012-10-30,6.6
2012-10-31,6.96
2012-11-01,6.76
2012-11-02,6.11
2012-11-03,6.21
2012-11-04,6.68
2012-11-05,6.69
2012-11-06,6.4
2012-11-07,5.97
2012-11-08,6.86
2012-11-09,7.209999999999999
2012-11-10,7.110000000000001
2012-11-11,7.110000000000001
2012-11-12,7.029999999999999
2012-11-13,5.84
2012-11-14,7.129999999999999
2012-11-15,6.61
2012-11-16,6.46
2012-11-17,6.19
2012-11-18,6.79
2012-11-19,6.51
2012-11-20,6.83
2012-11-21,5.69
2012-11-22,4.58
2012-11-23,3.06
2012-11-24,5.6
2012-11-25,6.28
2012-11-26,6.34
2012-11-27,6.87
2012-11-28,4.67
2012-11-29,6.06
2012-11-30,6.08
2012-12-01,5.71
2012-12-02,4.56
2012-12-03,5.22
2012-12-04,5.0
2012-12-05,5.34
2012-12-06,3.89
2012-12-07,5.6
2012-12-08,5.46
2012-12-09,6.42
2012-12-10,6.19
2012-12-11,5.89
2012-12-12,5.32
2012-12-13,5.2
2012-12-14,5.39
2012-12-15,4.31
2012-12-16,4.65
2012-12-17,4.23
2012-12-18,5.55
2012-12-19,4.93
2012-12-20,5.22
2012-12-21,3.6
2012-12-22,5.15
2012-12-23,5.84
2012-12-24,4.96
2012-12-25,5.99
2012-12-26,5.78
2012-12-27,3.96
2012-12-28,4.79
2012-12-29,6.04
2012-12-30,3.94
2012-12-31,5.4
2013-01-01,1.34
2013-01-02,2.84
2013-01-03,1.67
2013-01-04,6.3
2013-01-05,3.02
2013-01-06,6.24
2013-01-07,4.6
2013-01-08,4.06
2013-01-09,3.46
2013-01-10,3.94
2013-01-11,6.35
2013-01-12,5.64
2013-01-13,5.81
2013-01-14,4.66
2013-01-15,3.33
2013-01-16,4.19
2013-01-17,5.33
2013-01-18,4.68
2013-01-19,4.18
2013-01-20,5.12
2013-01-21,5.66
2013-01-22,6.92
2013-01-23,5.22
2013-01-24,3.98
2013-01-25,5.64
2013-01-26,5.5
2013-01-27,6.64
2013-01-28,6.58
2013-01-29,6.45
2013-01-30,5.67
2013-01-31,5.49
2013-02-01,3.93
2013-02-02,4.93
2013-02-03,5.02
2013-02-04,5.94
2013-02-05,6.98
2013-02-06,6.75
2013-02-07,6.57
2013-02-08,6.59
2013-02-09,6.27
2013-02-10,6.24
2013-02-11,5.84
2013-02-12,5.36
2013-02-13,4.39
2013-02-14,5.66
2013-02-15,6.32
2013-02-16,3.8599999999999994
2013-02-17,4.32
2013-02-18,3.5099999999999993
2013-02-19,4.42
2013-02-20,1.6999999999999997
2013-02-21,2.03
2013-02-22,5.1
2013-02-23,5.28
2013-02-24,5.09
2013-02-25,5.39
2013-02-26,3.69
2013-02-27,4.44
2013-02-28,5.93
2013-03-01,5.19
2013-03-02,5.17
2013-03-03,5.66
2013-03-04,6.13
2013-03-05,4.46
2013-03-06,5.35
2013-03-07,4.41
2013-03-08,5.74
2013-03-09,5.06
2013-03-10,6.23
2013-03-11,6.74
2013-03-12,5.75
2013-03-13,6.3
2013-03-14,2.61
2013-03-15,2.38
2013-03-16,4.7
2013-03-17,5.59
2013-03-18,5.41
2013-03-19,6.46
2013-03-20,6.1
2013-03-21,6.56
2013-03-22,6.21
2013-03-23,6.38
2013-03-24,4.95
2013-03-25,6.45
2013-03-26,5.86
2013-03-27,6.68
2013-03-28,5.67
2013-03-29,3.18
2013-03-30,5.09
2013-03-31,3.06
2013-04-01,5.89
2013-04-02,5.37
2013-04-03,5.4
2013-04-04,3.76
2013-04-05,5.9
2013-04-06,5.62
2013-04-07,4.93
2013-04-08,4.03
2013-04-09,3.96
2013-04-10,5.23
2013-04-11,2.89
2013-04-12,4.89
2013-04-13,4.13
2013-04-14,5.74
2013-04-15,4.13
2013-04-16,5.11
2013-04-17,4.36
2013-04-18,4.51
2013-04-19,4.13
2013-04-20,4.61
2013-04-21,5.38
2013-04-22,5.36
2013-04-23,4.96
2013-04-24,5.79
2013-04-25,6.16
2013-04-26,5.98
2013-04-27,5.31
2013-04-28,5.93
2013-04-29,5.69
2013-04-30,5.53
2013-05-01,5.66
2013-05-02,5.48
2013-05-03,5.86
2013-05-04,5.67
2013-05-05,5.72
2013-05-06,5.4
2013-05-07,5.72
2013-05-08,4.46
2013-05-09,5.24
2013-05-10,5.27
2013-05-11,5.61
2013-05-12,5.1
2013-05-13,2.54
2013-05-14,5.22
2013-05-15,2.74
2013-05-16,4.44
2013-05-17,5.12
2013-05-18,3.7699999999999996
2013-05-19,4.65
2013-05-20,5.01
2013-05-21,4.99
2013-05-22,5.36
2013-05-23,2.32
2013-05-24,4.13
2013-05-25,4.63
2013-05-26,3.52
2013-05-27,2.36
2013-05-28,3.78
2013-05-29,3.36
2013-05-30,5.37
2013-05-31,5.09
2013-06-01,4.12
2013-06-02,4.28
2013-06-03,4.18
2013-06-04,4.76
2013-06-05,4.91
2013-06-06,3.36
2013-06-07,4.2
2013-06-08,4.19
2013-06-09,2.13
2013-06-10,3.22
2013-06-11,4.24
2013-06-12,4.52
2013-06-13,3.8
2013-06-14,4.98
2013-06-15,2.91
2013-06-16,4.72
2013-06-17,2.94
2013-06-18,3.8599999999999994
2013-06-19,4.69
2013-06-20,4.94
2013-06-21,4.79
2013-06-22,4.84
2013-06-23,4.83
2013-06-24,4.49
2013-06-25,4.85
2013-06-26,5.26
2013-06-27,2.43
2013-06-28,4.13
2013-06-29,5.28
2013-06-30,4.31
2013-07-01,2.63
2013-07-02,3.7400000000000007
2013-07-03,3.42
2013-07-04,5.01
2013-07-05,5.07
2013-07-06,4.98
2013-07-07,3.76
2013-07-08,4.49
2013-07-09,3.27
2013-07-10,4.03
2013-07-11,2.48
2013-07-12,4.12
2013-07-13,5.07
2013-07-14,3.7400000000000007
2013-07-15,5.18
2013-07-16,4.65
2013-07-17,5.24
2013-07-18,5.22
2013-07-19,5.26
2013-07-20,3.89
2013-07-21,3.8300000000000005
2013-07-22,4.51
2013-07-23,4.9
2013-07-24,3.8399999999999994
2013-07-25,4.8
2013-07-26,4.44
2013-07-27,4.6
2013-07-28,5.13
2013-07-29,5.72
2013-07-30,5.46
2013-07-31,5.3
2013-08-01,5.12
2013-08-02,5.08
2013-08-03,5.41
2013-08-04,3.7900000000000005
2013-08-05,3.5
2013-08-06,4.99
2013-08-07,5.26
2013-08-08,5.24
2013-08-09,4.32
2013-08-10,5.74
2013-08-11,6.13
2013-08-12,5.26
2013-08-13,5.03
2013-08-14,4.63
2013-08-15,5.37
2013-08-16,5.44
2013-08-17,6.18
2013-08-18,5.98
2013-08-19,5.39
2013-08-20,5.88
2013-08-21,6.06
2013-08-22,6.01
2013-08-23,6.08
2013-08-24,6.33
2013-08-25,6.29
2013-08-26,6.06
2013-08-27,5.83
2013-08-28,5.81
2013-08-29,5.45
2013-08-30,5.42
2013-08-31,6.19
2013-09-01,5.8
2013-09-02,6.21
2013-09-03,5.8
2013-09-04,6.0
2013-09-05,6.36
2013-09-06,5.04
2013-09-07,6.11
2013-09-08,6.35
2013-09-09,6.59
2013-09-10,6.78
2013-09-11,5.43
2013-09-12,5.46
2013-09-13,6.21
2013-09-14,6.26
2013-09-15,5.31
2013-09-16,5.25
2013-09-17,5.56
2013-09-18,6.24
2013-09-19,6.56
2013-09-20,6.73
2013-09-21,6.69
2013-09-22,6.29
2013-09-23,6.36
2013-09-24,6.59
2013-09-25,6.38
2013-09-26,6.38
2013-09-27,6.48
2013-09-28,6.69
2013-09-29,6.57
2013-09-30,6.71
2013-10-01,6.67
2013-10-02,6.59
2013-10-03,6.84
2013-10-04,7.24
2013-10-05,7.19
2013-10-06,6.89
2013-10-07,6.81
2013-10-08,6.46
2013-10-09,6.28
2013-10-10,6.53
2013-10-11,6.91
2013-10-12,6.72
2013-10-13,7.09
2013-10-14,7.14
2013-10-15,5.62
2013-10-16,6.39
2013-10-17,6.29
2013-10-18,6.82
2013-10-19,5.82
2013-10-20,6.7
2013-10-21,6.93
2013-10-22,6.32
2013-10-23,6.44
2013-10-24,6.44
2013-10-25,6.34
2013-10-27,6.61
2013-10-28,6.19
2013-10-29,6.47
2013-10-30,6.89
2013-10-31,6.81
2013-11-01,7.150000000000001
2013-11-02,6.86
2013-11-03,6.7
2013-11-04,6.88
2013-11-05,7.2
2013-11-06,7.37
2013-11-07,6.06
2013-11-08,6.03
2013-11-09,6.67
2013-11-10,6.58
2013-11-11,6.94
2013-11-12,5.41
2013-11-13,7.0600000000000005
2013-11-14,6.14
2013-11-15,2.86
2013-11-16,4.69
2013-11-17,4.33
2013-11-18,4.0
2013-11-19,4.08
2013-11-20,3.11
2013-11-21,4.24
2013-11-22,5.42
2013-11-23,5.56
2013-11-24,5.54
2013-11-25,3.89
2013-11-26,4.84
2013-11-27,2.6
2013-11-28,5.56
2013-11-29,3.39
2013-11-30,7.029999999999999
2013-12-01,6.71
2013-12-02,6.16
2013-12-03,5.89
2013-12-04,6.04
2013-12-05,4.31
2013-12-06,5.21
2013-12-07,3.8599999999999994
2013-12-08,5.99
2013-12-09,4.5
2013-12-10,5.84
2013-12-11,4.11
2013-12-12,3.63
2013-12-13,4.36
2013-12-14,5.03
2013-12-15,2.9
2013-12-16,4.1
2013-12-17,4.45
2013-12-18,3.7900000000000005
2013-12-19,2.86
2013-12-20,2.84
2013-12-21,3.09
2013-12-22,1.7399999999999998
2013-12-23,2.87
2013-12-24,0.84
2013-12-25,6.13
2013-12-26,6.92
2013-12-27,6.45
2013-12-28,6.06
2013-12-29,6.63
2013-12-30,5.35
2013-12-31,4.73
2014-01-01,2.27
2014-01-02,2.71
2014-01-03,5.63
2014-01-04,2.9
2014-01-05,3.7499999999999996
2014-01-06,4.64
2014-01-07,5.2
2014-01-08,5.87
2014-01-09,6.34
2014-01-10,4.76
2014-01-11,4.75
2014-01-12,4.86
2014-01-13,3.29
2014-01-14,1.79
2014-01-15,4.58
2014-01-16,5.11
2014-01-17,6.0
2014-01-18,3.62
2014-01-19,5.82
2014-01-20,4.78
2014-01-21,3.8100000000000005
2014-01-22,5.84
2014-01-23,4.39
2014-01-24,2.62
2014-01-25,4.71
2014-01-26,6.47
2014-01-27,5.36
2014-01-28,6.6
2014-01-29,5.63
2014-01-30,5.31
2014-01-31,3.99
2014-02-01,6.16
2014-02-02,5.1
2014-02-03,6.93
2014-02-04,5.91
2014-02-05,5.91
2014-02-06,5.58
2014-02-07,4.78
2014-02-08,5.46
2014-02-09,4.76
2014-02-10,4.27
2014-02-11,2.34
2014-02-12,6.51
2014-02-13,5.93
2014-02-14,1.4
2014-02-15,2.94
2014-02-16,5.0
2014-02-17,2.78
2014-02-18,5.25
2014-02-19,2.3
2014-02-20,4.68
2014-02-21,6.76
2014-02-22,3.46
2014-02-23,6.0
2014-02-24,6.54
2014-02-25,6.35
2014-02-26,5.87
2014-02-27,5.45
2014-02-28,5.44
2014-03-01,6.49
2014-03-02,6.62
2014-03-03,6.09
2014-03-04,5.84
2014-03-05,6.55
2014-03-06,6.65
2014-03-07,6.35
2014-03-08,6.74
2014-03-09,6.14
2014-03-10,6.11
2014-03-11,6.17
2014-03-12,5.12
2014-03-13,4.07
2014-03-14,6.34
2014-03-15,5.98
2014-03-16,4.85
2014-03-17,5.49
2014-03-18,6.25
2014-03-19,5.95
2014-03-20,2.91
2014-03-21,5.59
2014-03-22,6.06
2014-03-23,6.21
2014-03-24,6.73
2014-03-25,6.65
2014-03-26,6.91
2014-03-27,6.36
2014-03-28,5.74
2014-03-29,6.31
2014-03-30,6.21
2014-03-31,6.29
2014-04-01,6.46
2014-04-02,6.2
2014-04-03,5.41
2014-04-04,6.39
2014-04-05,4.98
2014-04-06,5.35
2014-04-07,5.98
2014-04-08,5.16
2014-04-09,5.52
2014-04-10,5.81
2014-04-11,4.57
2014-04-12,5.17
2014-04-13,6.11
2014-04-14,5.56
2014-04-15,5.12
2014-04-16,6.33
2014-04-17,5.44
2014-04-18,5.57
2014-04-19,3.5099999999999993
2014-04-20,5.35
2014-04-21,5.37
2014-04-22,5.66
2014-04-23,5.69
2014-04-24,5.4
2014-04-25,5.12
2014-04-26,5.23
2014-04-27,5.28
2014-04-28,5.63
2014-04-29,6.26
2014-04-30,5.79
2014-05-02,5.92
2014-05-03,5.54
2014-05-04,5.9
2014-05-05,5.78
2014-05-06,5.65
2014-05-07,5.78
2014-05-08,5.62
2014-05-09,5.73
2014-05-10,5.83
2014-05-11,5.68
2014-05-12,4.39
2014-05-13,4.91
2014-05-14,5.37
2014-05-15,5.55
2014-05-16,5.37
2014-05-17,5.71
2014-05-18,5.46
2014-05-19,5.43
2014-05-20,4.96
2014-05-21,5.22
2014-05-22,5.75
2014-05-23,5.3
2014-05-24,4.97
2014-05-25,5.16
2014-05-26,5.43
2014-05-27,4.76
2014-05-28,4.48
2014-05-29,5.19
2014-05-30,5.52
2014-05-31,5.35
2014-06-01,5.15
2014-06-02,5.34
2014-06-03,4.39
2014-06-04,4.76
2014-06-05,5.05
2014-06-06,4.82
2014-06-07,5.3
2014-06-08,5.09
2014-06-09,5.04
2014-06-10,4.71
2014-06-11,4.69
2014-06-12,4.43
2014-06-13,4.85
2014-06-14,4.91
2014-06-15,4.16
2014-06-16,4.72
2014-06-17,4.41
2014-06-18,5.06
2014-06-19,4.81
2014-06-20,5.03
2014-06-21,4.91
2014-06-22,5.02
2014-06-23,5.15
2014-06-24,3.67
2014-06-25,4.67
2014-06-26,4.81
2014-06-27,5.08
2014-06-28,4.62
2014-06-29,4.88
2014-06-30,4.8
2014-07-01,4.86
2014-07-02,3.6999999999999997
2014-07-03,3.7699999999999996
2014-07-04,4.83
2014-07-05,4.2
2014-07-06,4.74
2014-07-07,4.52
2014-07-08,3.98
2014-07-09,4.66
2014-07-10,5.32
2014-07-11,4.94
2014-07-12,5.06
2014-07-13,3.34
2014-07-14,3.91
2014-07-15,4.49
2014-07-16,5.47
2014-07-17,5.26
2014-07-18,4.61
2014-07-19,4.81
2014-07-20,5.41
2014-07-21,5.14
2014-07-22,4.89
2014-07-23,5.16
2014-07-24,4.53
2014-07-25,4.74
2014-07-26,5.36
2014-07-27,5.0
2014-07-28,4.59
2014-07-29,4.61
2014-07-30,5.29
2014-07-31,4.76
2014-08-01,5.12
2014-08-02,5.05
2014-08-03,4.91
2014-08-04,4.83
2014-08-05,5.8
2014-08-06,5.09
2014-08-07,4.88
2014-08-08,5.12
2014-08-09,5.77
2014-08-10,4.92
2014-08-11,5.31
2014-08-12,5.24
2014-08-13,5.51
2014-08-14,5.54
2014-08-15,5.34
2014-08-16,4.9
2014-08-17,5.49
2014-08-18,5.03
2014-08-19,5.16
2014-08-20,5.67
2014-08-21,5.57
2014-08-22,5.29
2014-08-23,5.61
2014-08-24,6.07
2014-08-25,6.29
2014-08-26,6.08
2014-08-27,5.93
2014-08-28,6.24
2014-08-29,5.95
2014-08-30,5.94
2014-08-31,6.19
2014-09-01,6.15
2014-09-02,5.97
2014-09-03,5.67
2014-09-04,6.04
2014-09-05,5.98
2014-09-06,6.53
2014-09-07,6.22
2014-09-08,6.23
2014-09-09,6.17
2014-09-10,6.48
2014-09-11,6.61
2014-09-12,6.47
2014-09-13,6.97
2014-09-14,6.79
2014-09-15,6.72
2014-09-16,6.33
2014-09-17,6.41
2014-09-18,6.54
2014-09-19,6.06
2014-09-20,6.53
2014-09-21,6.65
2014-09-22,7.08
2014-09-23,6.58
2014-09-24,7.01
2014-09-25,7.0600000000000005
2014-09-26,7.029999999999999
2014-09-27,6.94
2014-09-28,6.39
2014-09-29,6.82
2014-09-30,6.79
2014-10-01,7.01
2014-10-02,6.49
2014-10-03,6.65
2014-10-04,6.9
2014-10-05,6.72
2014-10-06,6.3
2014-10-07,6.55
2014-10-08,7.08
2014-10-09,7.12
2014-10-10,7.290000000000001
2014-10-11,6.57
2014-10-12,6.5
2014-10-13,6.95
2014-10-14,6.65
2014-10-15,6.84
2014-10-16,6.63
2014-10-17,6.91
2014-10-18,6.59
2014-10-19,5.66
2014-10-20,6.49
2014-10-21,6.86
2014-10-22,6.91
2014-10-23,7.269999999999999
2014-10-24,7.309999999999999
2014-10-25,6.85
2014-10-26,7.019999999999999
2014-10-27,6.27
2014-10-28,6.91
2014-10-29,7.169999999999999
2014-10-30,6.989999999999999
2014-10-31,7.42
2014-11-01,7.56
2014-11-02,7.57
2014-11-03,7.309999999999999
2014-11-04,7.05
2014-11-05,7.390000000000001
2014-11-06,6.79
2014-11-07,6.87
2014-11-08,7.12
2014-11-09,6.989999999999999
2014-11-10,5.5
2014-11-11,6.37
2014-11-12,6.6
2014-11-13,6.25
2014-11-14,5.75
2014-11-15,6.35
2014-11-16,6.57
2014-11-17,5.84
2014-11-18,6.19
2014-11-19,5.76
2014-11-20,6.37
2014-11-21,7.290000000000001
2014-11-22,6.36
2014-11-23,6.54
2014-11-24,4.82
2014-11-25,4.81
2014-11-26,6.13
2014-11-27,5.42
2014-11-28,5.26
2014-11-29,5.72
2014-11-30,4.09
2014-12-01,2.81
2014-12-02,2.08
2014-12-03,1.37
2014-12-04,4.99
2014-12-05,5.23
2014-12-06,4.3
2014-12-07,5.14
2014-12-08,4.86
2014-12-09,6.35
2014-12-10,3.24
2014-12-11,2.05
2014-12-12,5.17
2014-12-13,5.99
2014-12-14,4.84
2014-12-15,4.45
2014-12-16,6.15
2014-12-17,4.93
2014-12-18,3.8100000000000005
2014-12-19,3.4
2014-12-20,3.91
2014-12-21,5.72
2014-12-22,3.11
2014-12-23,5.85
2014-12-24,5.19
2014-12-25,5.41
2014-12-26,4.31
2014-12-27,6.12
2014-12-28,4.55
2014-12-29,4.58
2014-12-30,6.42
2014-12-31,3.78
2015-01-01,4.72
2015-01-02,4.3
2015-01-03,3.91
2015-01-04,5.34
2015-01-05,4.07
2015-01-06,6.26
2015-01-07,6.11
2015-01-08,5.89
2015-01-09,4.43
2015-01-10,5.0
2015-01-11,5.63
2015-01-12,5.3
2015-01-13,5.49
2015-01-14,5.4
2015-01-15,5.38
2015-01-16,6.17
2015-01-17,5.94
2015-01-18,2.44
2015-01-19,5.64
2015-01-20,3.52
2015-01-21,5.43
2015-01-22,4.66
2015-01-23,5.33
2015-01-24,5.66
2015-01-25,4.36
2015-01-26,6.74
2015-01-27,5.62
2015-01-28,4.19
2015-01-29,5.78
2015-01-30,3.06
2015-01-31,3.42
2015-02-01,5.57
2015-02-02,6.56
2015-02-03,6.75
2015-02-04,7.070000000000001
2015-02-05,6.79
2015-02-06,6.62
2015-02-07,5.6
2015-02-08,5.18
2015-02-09,6.32
2015-02-10,5.97
2015-02-11,4.26
2015-02-12,3.8599999999999994
2015-02-13,6.0
2015-02-14,3.21
2015-02-15,6.12
2015-02-16,6.0
2015-02-17,5.85
2015-02-18,5.94
2015-02-19,6.15
2015-02-20,3.6799999999999997
2015-02-21,4.59
2015-02-22,6.19
2015-02-23,2.82
2015-02-24,5.69
2015-02-25,5.92
2015-02-26,5.16
2015-02-27,4.12
2015-02-28,5.12
2015-03-01,6.0
2015-03-02,6.52
2015-03-03,4.87
2015-03-04,5.32
2015-03-05,4.41
2015-03-06,1.54
2015-03-07,3.04
2015-03-08,4.33
2015-03-09,5.76
2015-03-10,3.22
2015-03-11,4.21
2015-03-12,4.2
2015-03-13,4.3
2015-03-14,5.94
2015-03-15,6.04
2015-03-16,5.81
2015-03-17,5.97
2015-03-18,6.14
2015-03-19,6.02
2015-03-20,4.78
2015-03-21,5.56
2015-03-22,5.89
2015-03-23,6.47
2015-03-24,6.64
2015-03-25,6.36
2015-03-26,6.14
2015-03-27,6.25
2015-03-28,6.3
2015-03-29,6.21
2015-03-30,6.34
2015-03-31,5.38
2015-04-01,6.52
2015-04-02,6.56
2015-04-03,5.48
2015-04-04,6.19
2015-04-05,6.25
2015-04-06,2.53
2015-04-07,3.19
2015-04-08,6.43
2015-04-09,6.6
2015-04-10,5.81
2015-04-11,4.95
2015-04-12,5.72
2015-04-13,3.0
2015-04-14,5.65
2015-04-15,5.92
2015-04-16,6.09
2015-04-17,6.11
2015-04-18,4.76
2015-04-19,5.28
2015-04-20,4.82
2015-04-21,4.72
2015-04-22,4.25
2015-04-23,3.36
2015-04-24,4.28
2015-04-25,3.4
2015-04-26,0.6900000000000002
2015-04-27,4.14
2015-04-28,4.42
2015-04-29,3.13
2015-04-30,4.61
2015-05-01,4.61
2015-05-02,2.78
2015-05-03,4.38
2015-05-04,5.91
2015-05-05,5.4
2015-05-06,6.1
2015-05-07,6.16
2015-05-08,4.88
2015-05-09,5.73
2015-05-10,5.39
2015-05-11,5.37
2015-05-12,5.32
2015-05-13,5.22
2015-05-14,5.31
2015-05-15,5.71
2015-05-16,5.53
2015-05-17,5.91
2015-05-18,5.93
2015-05-19,5.74
2015-05-20,6.05
2015-05-21,5.89
2015-05-22,5.66
2015-05-23,5.24
2015-05-24,5.38
2015-05-25,5.19
2015-05-26,5.31
2015-05-27,5.49
2015-05-28,5.26
2015-05-29,4.92
2015-05-30,3.16
2015-05-31,4.89
2015-06-01,5.08
2015-06-02,4.84
2015-06-03,5.12
2015-06-04,5.34
2015-06-05,4.92
2015-06-06,4.55
2015-06-07,4.25
2015-06-08,3.98
2015-06-09,3.98
2015-06-10,4.89
2015-06-11,5.19
2015-06-12,5.12
2015-06-13,5.3
2015-06-14,5.26
2015-06-15,5.56
2015-06-16,4.66
2015-06-17,5.56
2015-06-18,5.08
2015-06-20,4.5
2015-06-21,4.88
2015-06-22,5.13
2015-06-23,5.19
2015-06-24,4.79
2015-06-25,4.81
2015-06-26,4.1
2015-06-27,4.71
2015-06-28,5.32
2015-06-29,4.64
2015-06-30,4.74
2015-07-01,5.33
2015-07-02,5.43
2015-07-03,5.33
2015-07-04,5.47
2015-07-05,5.51
2015-07-06,5.16
2015-07-07,5.3
2015-07-08,4.37
2015-07-09,4.78
2015-07-10,4.27
2015-07-11,5.06
2015-07-12,5.47
2015-07-13,5.27
2015-07-14,5.23
2015-07-15,4.75
2015-07-16,5.42
2015-07-17,5.07
2015-07-18,5.17
2015-07-19,5.01
2015-07-20,4.81
2015-07-21,5.59
2015-07-22,5.27
2015-07-23,5.46
2015-07-24,5.03
2015-07-25,5.57
2015-07-26,4.94
2015-07-28,5.62
2015-07-29,5.13
2015-07-30,5.39
2015-07-31,5.45
2015-08-01,4.43
2015-08-02,5.24
2015-08-03,3.76
2015-08-04,5.01
2015-08-05,5.14
2015-08-06,5.19
2015-08-07,5.0
2015-08-08,5.72
2015-08-09,3.17
2015-08-10,5.26
2015-08-11,5.08
2015-08-12,5.13
2015-08-13,4.96
2015-08-14,5.75
2015-08-15,5.77
2015-08-16,6.12
2015-08-17,5.66
2015-08-18,5.87
2015-08-19,6.02
2015-08-20,6.21
2015-08-21,5.69
2015-08-22,5.58
2015-08-23,6.14
2015-08-24,6.21
2015-08-25,5.48
2015-08-26,6.2
2015-08-27,5.61
2015-08-28,6.13
2015-08-29,5.89
2015-08-30,5.99
2015-08-31,6.2
2015-09-01,5.42
2015-09-02,5.19
2015-09-03,5.69
2015-09-04,6.21
2015-09-05,5.71
2015-09-06,6.21
2015-09-07,6.44
2015-09-08,6.65
2015-09-09,6.92
2015-09-10,6.23
2015-09-11,6.09
2015-09-12,6.26
2015-09-13,6.52
2015-09-14,6.52
2015-09-15,6.63
2015-09-16,6.63
2015-09-17,6.67
2015-09-18,6.57
2015-09-19,6.32
2015-09-20,6.57
2015-09-21,6.84
2015-09-22,6.82
2015-09-23,7.04
2015-09-24,7.19
2015-09-25,6.989999999999999
2015-09-26,6.48
2015-09-27,6.54
2015-09-28,6.06
2015-09-29,6.23
2015-09-30,6.34
2015-10-01,6.69
2015-10-02,6.4
2015-10-03,6.43
2015-10-04,6.82
2015-10-05,6.47
2015-10-06,6.86
2015-10-07,6.87
2015-10-08,7.1000000000000005
2015-10-09,6.36
2015-10-10,7.14
2015-10-11,7.26
2015-10-12,6.94
2015-10-13,7.070000000000001
2015-10-14,6.11
2015-10-16,7.19
2015-10-17,7.209999999999999
2015-10-18,7.04
2015-10-19,7.019999999999999
2015-10-20,7.12
2015-10-21,6.34
2015-10-22,7.1000000000000005
2015-10-23,6.77
2015-10-24,7.359999999999999
2015-10-25,7.250000000000001
2015-10-26,7.070000000000001
2015-10-27,7.359999999999999
2015-10-28,7.0600000000000005
2015-10-29,7.05
2015-10-30,6.6
2015-10-31,7.150000000000001
2015-11-01,7.470000000000001
2015-11-02,7.539999999999999
2015-11-03,7.34
2015-11-04,7.22
2015-11-05,6.92
2015-11-06,6.44
2015-11-07,6.67
2015-11-08,6.35
2015-11-09,6.43
2015-11-10,6.2
2015-11-11,5.15
2015-11-12,6.75
2015-11-13,6.5
2015-11-14,6.98
2015-11-15,7.169999999999999
2015-11-16,7.34
2015-11-17,7.0
2015-11-18,7.029999999999999
2015-11-19,6.9
2015-11-20,7.3
2015-11-21,6.92
2015-11-22,6.85
2015-11-23,6.69
2015-11-24,6.96
2015-11-25,6.43
2015-11-26,6.48
2015-11-27,6.88
2015-11-28,6.76
2015-11-29,6.6
2015-11-30,6.52
2015-12-01,6.64
2015-12-02,6.25
2015-12-03,5.87
2015-12-04,6.2
2015-12-05,4.27
2015-12-06,3.4
2015-12-07,5.29
2015-12-08,5.19
2015-12-09,4.62
2015-12-10,5.44
2015-12-11,5.07
2015-12-12,5.58
2015-12-13,6.1
2015-12-14,4.31
2015-12-15,3.38
2015-12-16,4.21
2015-12-17,5.6
2015-12-18,4.51
2015-12-19,3.6
2015-12-20,5.25
2015-12-21,4.93
2015-12-22,4.8
2015-12-23,5.45
2015-12-24,4.8
2015-12-25,4.53
2015-12-26,5.1
2015-12-27,5.05
2015-12-28,6.68
2015-12-29,6.32
2015-12-30,6.69
2015-12-31,5.32
2016-01-01,5.97
2016-01-02,6.37
2016-01-03,6.49
2016-01-04,6.68
2016-01-05,6.9
2016-01-06,7.129999999999999
2016-01-07,6.66
2016-01-08,6.48
2016-01-09,6.54
2016-01-10,6.24
2016-01-11,7.14
2016-01-12,6.86
2016-01-13,6.65
2016-01-14,6.76
2016-01-15,7.309999999999999
2016-01-16,6.17
2016-01-17,6.48
2016-01-18,6.78
2016-01-19,6.42
2016-01-20,6.14
2016-01-21,4.96
2016-01-22,5.22
2016-01-23,4.79
2016-01-24,4.59
2016-01-25,2.88
2016-01-26,3.61
2016-01-27,3.36
2016-01-28,5.01
2016-01-29,5.15
2016-01-30,5.37
2016-01-31,5.78
2016-02-01,4.84
2016-02-02,2.21
2016-02-03,1.5200000000000002
2016-02-04,4.23
2016-02-05,1.1300000000000001
2016-02-06,5.05
2016-02-07,3.06
2016-02-08,5.3
2016-02-09,4.8
2016-02-10,3.85
2016-02-11,2.23
2016-02-12,1.3899999999999997
2016-02-13,2.92
2016-02-14,6.18
2016-02-15,5.94
2016-02-16,7.04
2016-02-17,6.46
2016-02-18,6.58
2016-02-19,6.59
2016-02-20,5.71
2016-02-21,5.62
2016-02-22,5.54
2016-02-23,4.19
2016-02-24,5.32
2016-02-25,5.65
2016-02-26,3.4
2016-02-27,4.17
2016-02-28,4.99
2016-02-29,4.44
2016-03-01,4.0
2016-03-02,2.94
2016-03-03,4.81
2016-03-04,6.23
2016-03-05,5.63
2016-03-06,4.06
2016-03-07,6.6
2016-03-08,6.45
2016-03-09,6.26
2016-03-10,5.31
2016-03-11,5.51
2016-03-12,5.79
2016-03-13,6.11
2016-03-14,6.0
2016-03-15,4.77
2016-03-16,6.33
2016-03-17,5.75
2016-03-18,5.99
2016-03-19,6.94
2016-03-20,6.48
2016-03-21,5.7
2016-03-22,6.45
2016-03-23,5.08
2016-03-24,6.3
2016-03-25,6.35
2016-03-26,6.12
2016-03-27,5.83
2016-03-28,6.49
2016-03-29,5.05
2016-03-30,4.23
2016-03-31,5.52
2016-04-01,6.04
2016-04-02,6.29
2016-04-03,5.95
2016-04-04,6.3
2016-04-05,5.74
2016-04-06,4.45
2016-04-07,5.44
2016-04-08,5.15
2016-04-09,4.02
2016-04-10,4.94
2016-04-11,6.26
2016-04-12,5.32
2016-04-13,4.47
2016-04-14,5.08
2016-04-15,4.62
2016-04-16,6.24
2016-04-17,5.9
2016-04-18,5.99
2016-04-19,6.15
2016-04-20,5.74
2016-04-21,5.52
2016-04-22,4.99
2016-04-23,5.94
2016-04-24,5.69
2016-04-25,5.9
2016-04-26,5.58
2016-04-27,5.68
2016-04-28,5.91
2016-04-29,6.04
2016-04-30,5.52
2016-05-01,4.98
2016-05-02,5.83
2016-05-03,5.74
2016-05-04,5.5
2016-05-05,5.26
2016-05-06,5.46
2016-05-07,5.47
2016-05-08,4.99
2016-05-09,4.42
2016-05-10,5.28
2016-05-11,5.43
2016-05-12,5.23
2016-05-13,5.39
2016-05-14,5.11
2016-05-15,4.88
2016-05-16,4.65
2016-05-17,5.38
2016-05-18,5.31
2016-05-19,5.24
2016-05-20,5.18
2016-05-21,5.49
2016-05-22,5.48
2016-05-23,5.6
2016-05-24,5.69
2016-05-25,5.58
2016-05-26,5.21
2016-05-27,4.6
2016-05-28,4.83
2016-05-29,5.03
2016-05-30,3.29
2016-05-31,3.44
2016-06-01,4.9
2016-06-02,5.39
2016-06-03,5.47
2016-06-04,4.88
2016-06-05,5.17
2016-06-06,5.11
2016-06-07,5.47
2016-06-08,5.16
2016-06-09,4.71
2016-06-10,5.08
2016-06-11,5.01
2016-06-12,5.14
2016-06-13,5.11
2016-06-14,3.22
2016-06-15,5.04
2016-06-16,3.61
2016-06-17,3.6799999999999997
2016-06-18,4.52
2016-06-19,3.96
2016-06-20,4.6
2016-06-21,4.6
2016-06-22,4.55
2016-06-23,5.06
2016-06-24,4.74
2016-06-25,4.84
2016-06-26,2.8
2016-06-27,1.8600000000000003
2016-06-28,3.2
2016-06-29,3.52
2016-06-30,4.88
2016-07-01,4.85
2016-07-02,5.23
2016-07-03,5.03
2016-07-04,5.16
2016-07-05,5.5
2016-07-06,5.34
2016-07-07,5.24
2016-07-08,4.56
2016-07-10,4.22
2016-07-11,4.33
2016-07-12,3.87
2016-07-13,4.04
2016-07-14,5.26
2016-07-15,5.18
2016-07-16,3.49
2016-07-17,4.33
2016-07-18,3.08
2016-07-19,3.67
2016-07-20,4.06
2016-07-21,4.26
2016-07-22,5.31
2016-07-23,5.49
2016-07-24,5.27
2016-07-25,5.56
2016-07-26,3.8599999999999994
2016-07-27,4.85
2016-07-28,5.11
2016-07-29,5.35
2016-07-30,4.95
2016-07-31,5.39
2016-08-01,5.5
2016-08-02,5.26
2016-08-03,4.87
2016-08-04,4.2
2016-08-05,5.26
2016-08-06,5.44
2016-08-07,4.63
2016-08-08,4.72
2016-08-09,5.54
2016-08-10,6.0
2016-08-11,2.96
2016-08-12,3.7299999999999995
2016-08-13,4.97
2016-08-14,3.7499999999999996
2016-08-15,4.78
2016-08-16,5.76
2016-08-17,5.4
2016-08-18,5.43
2016-08-19,4.87
2016-08-20,5.73
2016-08-21,5.62
2016-08-22,6.22
2016-08-23,5.1
2016-08-24,5.71
2016-08-25,5.78
2016-08-26,5.88
2016-08-27,5.62
2016-08-28,6.06
2016-08-29,6.07
2016-08-30,6.18
2016-08-31,6.17
2016-09-01,6.01
2016-09-02,6.34
2016-09-03,6.23
2016-09-04,5.78
2016-09-05,6.32
2016-09-06,6.01
2016-09-07,6.21
2016-09-08,5.47
2016-09-09,6.56
2016-09-10,6.66
2016-09-11,6.86
2016-09-12,4.99
2016-09-13,4.93
2016-09-14,5.5
2016-09-15,5.25
2016-09-16,6.23
2016-09-17,5.35
2016-09-18,6.19
2016-09-19,6.4
2016-09-20,6.2
2016-09-21,6.0
2016-09-22,6.01
2016-09-23,5.77
2016-09-24,4.45
2016-09-25,4.3
2016-09-26,5.67
2016-09-27,6.94
2016-09-28,6.48
2016-09-29,5.9
2016-09-30,6.38
2016-10-01,3.03
2016-10-02,4.51
2016-10-03,5.13
2016-10-04,4.75
2016-10-05,6.07
2016-10-06,6.41
2016-10-07,5.32
2016-10-08,1.8600000000000003
2016-10-09,3.94
2016-10-10,5.21
2016-10-11,5.97
2016-10-12,6.62
2016-10-13,6.8
2016-10-14,6.98
2016-10-15,6.42
2016-10-16,6.79
2016-10-17,6.92
2016-10-18,7.22
2016-10-19,6.84
2016-10-20,6.73
2016-10-21,5.13
2016-10-22,4.42
2016-10-23,4.38
2016-10-24,2.55
2016-10-25,4.28
2016-10-26,4.96
2016-10-27,6.55
2016-10-28,6.31
2016-10-29,6.77
2016-10-30,6.16
2016-10-31,5.55
2016-11-01,6.0
2016-11-02,5.81
2016-11-03,6.67
2016-11-04,6.68
2016-11-05,6.81
2016-11-06,6.75
2016-11-07,5.81
2016-11-08,6.25
2016-11-09,4.54
2016-11-10,5.81
2016-11-11,2.54
2016-11-12,6.46
2016-11-13,5.52
2016-11-14,6.18
2016-11-15,3.64
2016-11-16,4.48
2016-11-17,4.3
2016-11-18,5.07
2016-11-19,6.34
2016-11-20,6.75
2016-11-21,6.69
2016-11-22,3.93
2016-11-23,2.76
2016-11-24,5.67
2016-11-25,3.1
2016-11-26,6.46
2016-11-27,6.37
2016-11-28,4.53
2016-11-29,5.56
2016-11-30,6.34
2016-12-01,4.36
2016-12-02,2.99
2016-12-03,3.62
2016-12-04,2.18
2016-12-05,2.53
2016-12-06,5.03
2016-12-07,5.86
2016-12-08,3.06
2016-12-09,3.91
2016-12-10,1.59
2016-12-11,4.81
2016-12-12,2.53
2016-12-13,3.16
2016-12-14,3.8399999999999994
2016-12-15,5.2
2016-12-16,5.3
2016-12-17,2.97
2016-12-18,5.16
2016-12-19,5.4
2016-12-20,5.63
2016-12-21,5.79
2016-12-22,6.53
2016-12-23,5.74
2016-12-24,5.76
2016-12-25,5.79
2016-12-26,5.6
2016-12-27,5.93
2016-12-28,4.32
2016-12-29,3.8300000000000005
2016-12-30,5.29
2016-12-31,3.8800000000000003
